{
  "name": "giving-api-layer",
  "version": "1.0.0",
  "description": "Lambda layer for GivingApi production dependencies",
  "dependencies": {
    "@churchapps/apihelper": "^0.1.1",
    "@codegenie/serverless-express": "^4.16.0",
    "axios": "^1.9.0",
    "body-parser": "^1.20.3",
    "cors": "^2.8.5",
    "dayjs": "^1.11.13",
    "dotenv": "^16.5.0",
    "express": "^4.21.2",
    "inversify": "^6.2.2",
    "inversify-express-utils": "^6.5.0",
    "jsonwebtoken": "^9.0.2",
    "mysql2": "^3.14.1",
    "reflect-metadata": "^0.2.2",
    "stripe": "^18.3.0"
  }
}