{
  "name": "reporting-api-layer",
  "version": "1.0.0",
  "description": "Lambda layer for ReportingApi production dependencies",
  "dependencies": {
    "@churchapps/apihelper": "^0.1.1",
    "@codegenie/serverless-express": "^4.16.0",
    "axios": "^1.10.0",
    "cors": "^2.8.5",
    "dotenv": "^17.0.1",
    "express": "^4.21.2",
    "fs-extra": "^11.3.0",
    "inversify": "^6.2.2",
    "inversify-express-utils": "^6.5.0",
    "mysql2": "^3.14.1",
    "reflect-metadata": "^0.2.2"
  }
}