{"Version":"2012-10-17","Id":"default","Statement":[{"Sid":"messaging-api-Staging-SocketLambdaPermissionWebsockets-17S78C3ZUFWW4","Effect":"Allow","Principal":{"Service":"apigateway.amazonaws.com"},"Action":"lambda:InvokeFunction","Resource":"arn:aws:lambda:us-east-2:428019619026:function:messaging-api-Staging-socket"},{"Sid":"c135d33e-6af2-4cc6-8928-e2c18f3a1937","Effect":"Allow","Principal":{"Service":"apigateway.amazonaws.com"},"Action":"lambda:InvokeFunction","Resource":"arn:aws:lambda:us-east-2:428019619026:function:messaging-api-Staging-socket","Condition":{"ArnLike":{"AWS:SourceArn":"arn:aws:execute-api:us-east-2:428019619026:vqu18129j0/*/$connect"}}}]}