{
  "name": "membership-api-layer-dependencies",
  "version": "1.0.0",
  "description": "Lambda layer dependencies for membership-api",
  "dependencies": {
    "@churchapps/apihelper": "^0.1.1",
    "@codegenie/serverless-express": "^4.16.0",
    "@hubspot/api-client": "^13.0.0",
    "axios": "^1.9.0",
    "bcryptjs": "^2.4.3",
    "cors": "^2.8.5",
    "dotenv": "^16.5.0",
    "express": "^4.21.2",
    "express-validator": "^7.2.1",
    "inversify": "^6.2.2",
    "inversify-express-utils": "^6.5.0",
    "jsonwebtoken": "^9.0.2",
    "node-geocoder": "^4.4.1",
    "mysql2": "^3.14.1",
    "reflect-metadata": "^0.2.2",
    "uuid": "^11.0.4"
  }
}