{
  "displayName": "Group attendance by day - {groupName}",
  "description": "Total counts of how many people attended a group each day.",
  "queries": [
    {
      "depth": 0,
      "keyName": "main",
      "db": "attendance",
      "sqlLines": [
        "SELECT Date(sessionDate) as sessionDate, count(*) as attendees",
        "FROM visitSessions vs",
        "INNER JOIN sessions s on s.id=vs.sessionId",
        "WHERE s.groupId=:groupId",
        "GROUP BY DATE(sessionDate)",
        "ORDER BY DATE(sessionDate)"
      ]
    }
  ],
  "parameters": [
    {
      "keyName": "churchId",
      "source": "au",
      "sourceKey": "churchId"
    },
    {
      "keyName": "campusId",
      "displayName": "Campus",
      "source": "dropdown",
      "sourceKey": "campus"
    },
    {
      "keyName": "serviceId",
      "displayName": "Service",
      "source": "dropdown",
      "sourceKey": "service"
    },
    {
      "keyName": "serviceTime",
      "displayName": "Service Time",
      "source": "dropdown",
      "sourceKey": "serviceTime"
    },
    {
      "keyName": "groupId",
      "displayName": "Group",
      "source": "dropdown",
      "sourceKey": "group"
    }
  ],
  "columns": [
    {
      "header": "Date",
      "value": "sessionDate",
      "formatter": "date"
    },
    {
      "header": "Attendees",
      "value": "attendees",
      "formatter": "date"
    }
  ],
  "permissions": [
    {
      "requireOne": [
        {
          "api": "AttendanceApi",
          "contentType": "Attendance",
          "action": "View"
        }
      ]
    }
  ]
}