{
  "keyName": "donationSummary",
  "displayName": "Donation Summary",
  "description": "Weekly giving by fund",
  "queries": [
    {
      "depth": 0,
      "keyName": "main",
      "db": "giving",
      "sqlLines": [
        "SELECT STR_TO_DATE(concat(year(d.donationDate), ' ', week(d.donationDate, 0), ' Sunday'), '%X %V %W') AS week, SUM(fd.amount) as totalAmount, f.name as fundName",
        " FROM donations d",
        " INNER JOIN fundDonations fd on fd.donationId = d.id",
        " INNER JOIN funds f on f.id = fd.fundId",
        " WHERE d.churchId=:churchId",
        " AND d.donationDate BETWEEN :startDate AND :endDate",
        " GROUP BY year(d.donationDate), week(d.donationDate, 0), f.name",
        " ORDER BY year(d.donationDate), week(d.donationDate, 0), f.name"
      ]
    }
  ],
  "parameters": [
    {
      "keyName": "churchId",
      "source": "au",
      "sourceKey": "churchId"
    },
    {
      "keyName": "startDate",
      "displayName": "Start Date",
      "source": "date",
      "sourceKey": "date",
      "defaultValue": "lastYear"
    },
    {
      "keyName": "endDate",
      "displayName": "End Date",
      "source": "date",
      "sourceKey": "date",
      "defaultValue": "yesterday"
    }
  ],
  "outputs": [
    {
      "outputType": "barChart",
      "columns": [
        {
          "header": "Week",
          "value": "week",
          "formatter": "date"
        },
        {
          "header": "Fund Name",
          "value": "fundName",
          "formatter": "string"
        },
        {
          "header": "Amount",
          "value": "totalAmount",
          "formatter": "number"
        }
      ]
    }
  ],
  "permissions": [
    {
      "requireOne": [
        {
          "api": "GivingApi",
          "contentType": "Donations",
          "action": "View Summary"
        }
      ]
    }
  ]
}