{
  "keyName": "usageTrends",
  "displayName": "Usage Trends",
  "description": "A list of logins and churches over time.",
  "queries": [
    {
      "depth": 0,
      "keyName": "main",
      "db": "membership",
      "sqlLines": [
        "SELECT year, week, CONCAT(cast(year as CHAR), '-', cast(round(week/13,0)+1 as CHAR)) as quarter, b1Churches, b1Churches * 1200 as b1Value, chumsChurches, chumsChurches*864 as chumsValue, lessonsChurches, lessonsChurches*1023 as lessonsValue, ",
        "round(freeShowDevices / 3) as freeShowChurches, freeShowDevices * 26.60 as freeShowValue, ",
        "(b1Churches * 1200) + (chumsChurches*864) + (lessonsChurches*1023) + (freeShowDevices*26.60) as totalValue",
        "FROM usageTrends",
        "where week % 13 = 1",
        "ORDER BY year, week"
      ]
    }
  ],
  "parameters": [],
  "outputs": [
    {
      "outputType": "barChart",
      "columns": [
        {
          "header": "Quarter",
          "value": "quarter",
          "formatter": "string"
        }, 
        {
          "header": "Total Value",
          "value": "totalValue",
          "formatter": "string"
        }
      ]
    },
    {
      "outputType": "table",
      "columns": [
        {
          "header": "Quarter",
          "value": "quarter",
          "formatter": "string"
        },
        {
          "header": "B1",
          "value": "b1Churches",
          "formatter": "number"
        },
        {
          "header": "Value",
          "value": "b1Value",
          "formatter": "dollars"
        },
        {
          "header": "Chums",
          "value": "chumsChurches",
          "formatter": "number"
        },
        {
          "header": "Value",
          "value": "chumsValue",
          "formatter": "dollars"
        },
        {
          "header": "Lessons",
          "value": "lessonsChurches",
          "formatter": "number"
        },
        {
          "header": "Value",
          "value": "lessonsValue",
          "formatter": "dollars"
        },
        {
          "header": "FreeShow",
          "value": "freeShowChurches",
          "formatter": "number"
        },
        {
          "header": "Value",
          "value": "freeShowValue",
          "formatter": "dollars"
        },
        {
          "header": "Total Value",
          "value": "totalValue",
          "formatter": "dollars"
        }
      ]
    }
  ],
  "permissions": [
    {
      "requireOne": [
        {
          "api": "MembershipApi",
          "contentType": "Server",
          "action": "Admin"
        }
      ]
    }
  ]
}