{
  "name": "messaging-api-layer",
  "version": "1.0.0",
  "description": "Lambda layer dependencies for messaging-api",
  "dependencies": {
    "@aws-sdk/client-apigatewaymanagementapi": "^3.840.0",
    "@aws-sdk/client-cloudwatch-logs": "^3.840.0",
    "@aws-sdk/credential-providers": "^3.840.0",
    "@churchapps/apihelper": "0.1.1",
    "@codegenie/serverless-express": "^4.16.0",
    "axios": "^1.9.0",
    "body-parser": "^1.20.3",
    "cors": "^2.8.5",
    "dotenv": "^17.0.1",
    "express": "^4.21.2",
    "inversify": "^6.2.2",
    "inversify-express-utils": "^6.5.0",
    "mysql2": "^3.14.1",
    "reflect-metadata": "^0.2.2",
    "winston": "^3.17.0",
    "winston-cloudwatch": "^6.3.0",
    "ws": "^8.18.3"
  }
}